module name,license,repository,modified
@gulp-sourcemaps/map-sources@1.0.0,MIT,https://github.com/gulp-sourcemaps/map-sources,no
Base64@0.2.1,WTFPL,https://github.com/davidchambers/Base64.js,no
JSONStream@0.10.0,MIT*,https://github.com/dominictarr/JSONStream,no
JSONStream@1.3.2,(MIT OR Apache-2.0),https://github.com/dominictarr/JSONStream,no
abbrev@1.1.0,ISC,https://github.com/isaacs/abbrev-js,no
abbrev@1.1.1,ISC,https://github.com/isaacs/abbrev-js,no
acorn@4.0.13,MIT,https://github.com/ternjs/acorn,no
acorn@5.3.0,MIT,https://github.com/acornjs/acorn,no
ajv@4.11.8,MIT,https://github.com/epoberezkin/ajv,no
ajv@5.5.2,MIT,https://github.com/epoberezkin/ajv,no
align-text@0.1.4,MIT,https://github.com/jonschlinkert/align-text,no
amdefine@1.0.1,BSD-3-Clause OR MIT,https://github.com/jrburke/amdefine,no
ansi-gray@0.1.1,MIT,https://github.com/jonschlinkert/ansi-gray,no
ansi-regex@2.1.1,MIT,https://github.com/chalk/ansi-regex,no
ansi-styles@2.2.1,MIT,https://github.com/chalk/ansi-styles,no
ansi-wrap@0.1.0,MIT,https://github.com/jonschlinkert/ansi-wrap,no
ansicolors@0.2.1,MIT,https://github.com/thlorenz/ansicolors,no
anymatch@1.3.2,ISC,https://github.com/es128/anymatch,no
aproba@1.1.1,ISC,https://github.com/iarna/aproba,no
aproba@1.2.0,ISC,https://github.com/iarna/aproba,no
archy@1.0.0,MIT,https://github.com/substack/node-archy,no
are-we-there-yet@1.1.4,ISC,https://github.com/iarna/are-we-there-yet,no
argparse@0.1.16,MIT,https://github.com/nodeca/argparse,no
arr-diff@2.0.0,MIT,https://github.com/jonschlinkert/arr-diff,no
arr-diff@4.0.0,MIT,https://github.com/jonschlinkert/arr-diff,no
arr-flatten@1.1.0,MIT,https://github.com/jonschlinkert/arr-flatten,no
arr-union@3.1.0,MIT,https://github.com/jonschlinkert/arr-union,no
array-differ@1.0.0,MIT,https://github.com/sindresorhus/array-differ,no
array-each@1.0.1,MIT,https://github.com/jonschlinkert/array-each,no
array-filter@0.0.1,MIT,https://github.com/juliangruber/array-filter,no
array-find-index@1.0.2,MIT,https://github.com/sindresorhus/array-find-index,no
array-map@0.0.0,MIT,https://github.com/substack/array-map,no
array-reduce@0.0.0,MIT,https://github.com/substack/array-reduce,no
array-slice@1.1.0,MIT,https://github.com/jonschlinkert/array-slice,no
array-union@1.0.2,MIT,https://github.com/sindresorhus/array-union,no
array-uniq@1.0.3,MIT,https://github.com/sindresorhus/array-uniq,no
array-unique@0.2.1,MIT,https://github.com/jonschlinkert/array-unique,no
array-unique@0.3.2,MIT,https://github.com/jonschlinkert/array-unique,no
asn1.js@4.9.2,MIT,https://github.com/indutny/asn1.js,no
asn1@0.2.3,MIT,https://github.com/mcavage/node-asn1,no
assert-plus@0.2.0,MIT,https://github.com/mcavage/node-assert-plus,no
assert-plus@1.0.0,MIT,https://github.com/mcavage/node-assert-plus,no
assert@1.3.0,MIT,https://github.com/defunctzombie/commonjs-assert,no
assert@1.4.1,MIT,https://github.com/defunctzombie/commonjs-assert,no
assertion-error@1.1.0,MIT,https://github.com/chaijs/assertion-error,no
assign-symbols@1.0.0,MIT,https://github.com/jonschlinkert/assign-symbols,no
astw@2.2.0,MIT,https://github.com/substack/astw,no
async-each@1.0.1,MIT,https://github.com/paulmillr/async-each,no
async-foreach@0.1.3,MIT*,https://github.com/cowboy/javascript-sync-async-foreach,no
async@0.2.10,MIT,https://github.com/caolan/async,no
async@1.5.2,MIT,https://github.com/caolan/async,no
asynckit@0.4.0,MIT,https://github.com/alexindigo/asynckit,no
atob@1.1.3,(MIT OR Apache-2.0),https://github.com/coolaj86/node-browser-compat,no
atob@2.0.3,(MIT OR Apache-2.0),https://github.com/coolaj86/node-browser-compat/atob,no
autolinker@0.15.3,MIT*,https://github.com/gregjacobs/Autolinker.js,no
aws-sign2@0.6.0,Apache-2.0,https://github.com/mikeal/aws-sign,no
aws-sign2@0.7.0,Apache-2.0,https://github.com/mikeal/aws-sign,no
aws4@1.6.0,MIT,https://github.com/mhart/aws4,no
balanced-match@0.4.2,MIT,https://github.com/juliangruber/balanced-match,no
balanced-match@1.0.0,MIT,https://github.com/juliangruber/balanced-match,no
base64-js@0.0.8,MIT,https://github.com/beatgammit/base64-js,no
base64-js@1.2.1,MIT,https://github.com/beatgammit/base64-js,no
base@0.11.2,MIT,https://github.com/node-base/base,no
bcrypt-pbkdf@1.0.1,BSD-3-Clause,,no
beeper@1.1.1,MIT,https://github.com/sindresorhus/beeper,no
binary-extensions@1.11.0,MIT,https://github.com/sindresorhus/binary-extensions,no
bl@1.2.1,MIT,https://github.com/rvagg/bl,no
block-stream@0.0.9,ISC,https://github.com/isaacs/block-stream,no
bn.js@4.11.8,MIT,https://github.com/indutny/bn.js,no
boom@2.10.1,BSD-3-Clause,https://github.com/hapijs/boom,no
boom@4.3.1,BSD-3-Clause,https://github.com/hapijs/boom,no
boom@5.2.0,BSD-3-Clause,https://github.com/hapijs/boom,no
bootstrap-toggle@2.2.2,MIT,https://github.com/minhur/bootstrap-toggle,no
bootstrap@3.3.7,MIT,https://github.com/twbs/bootstrap,no
brace-expansion@1.1.7,MIT,https://github.com/juliangruber/brace-expansion,no
brace-expansion@1.1.8,MIT,https://github.com/juliangruber/brace-expansion,no
braces@1.8.5,MIT,https://github.com/jonschlinkert/braces,no
braces@2.3.0,MIT,https://github.com/micromatch/braces,no
brorand@1.1.0,MIT,https://github.com/indutny/brorand,no
browser-pack@4.0.4,MIT,https://github.com/substack/browser-pack,no
browser-pack@6.0.3,MIT,https://github.com/substack/browser-pack,no
browser-resolve@1.11.2,MIT,https://github.com/shtylman/node-browser-resolve,no
browserify-aes@1.1.1,MIT,https://github.com/crypto-browserify/browserify-aes,no
browserify-cipher@1.0.0,MIT,https://github.com/crypto-browserify/browserify-cipher,no
browserify-des@1.0.0,MIT,https://github.com/crypto-browserify/browserify-des,no
browserify-rsa@4.0.1,MIT,https://github.com/crypto-browserify/browserify-rsa,no
browserify-sign@4.0.4,ISC,https://github.com/crypto-browserify/browserify-sign,no
browserify-zlib@0.1.4,MIT,https://github.com/devongovett/browserify-zlib,no
browserify-zlib@0.2.0,MIT,https://github.com/devongovett/browserify-zlib,no
browserify@14.5.0,MIT,https://github.com/substack/node-browserify,no
browserify@9.0.8,MIT,https://github.com/substack/node-browserify,no
buffer-shims@1.0.0,MIT,https://github.com/calvinmetcalf/buffer-shims,no
buffer-xor@1.0.3,MIT,https://github.com/crypto-browserify/buffer-xor,no
buffer@3.6.0,MIT,https://github.com/feross/buffer,no
buffer@5.0.8,MIT,https://github.com/feross/buffer,no
bufferstreams@1.0.1,MIT,https://github.com/nfroidure/BufferStreams,no
builtin-modules@1.1.1,MIT,https://github.com/sindresorhus/builtin-modules,no
builtin-status-codes@3.0.0,MIT,https://github.com/bendrucker/builtin-status-codes,no
builtins@0.0.7,MIT,https://github.com/juliangruber/builtins,no
cache-base@1.0.1,MIT,https://github.com/jonschlinkert/cache-base,no
cached-path-relative@1.0.1,MIT,https://github.com/ashaffer/cached-path-relative,no
camelcase-keys@2.1.0,MIT,https://github.com/sindresorhus/camelcase-keys,no
camelcase@1.2.1,MIT,https://github.com/sindresorhus/camelcase,no
camelcase@2.1.1,MIT,https://github.com/sindresorhus/camelcase,no
camelcase@3.0.0,MIT,https://github.com/sindresorhus/camelcase,no
cardinal@1.0.0,MIT,https://github.com/thlorenz/cardinal,no
caseless@0.12.0,Apache-2.0,https://github.com/mikeal/caseless,no
center-align@0.1.3,MIT,https://github.com/jonschlinkert/center-align,no
chai-as-promised@5.3.0,WTFPL,https://github.com/domenic/chai-as-promised,no
chai-jquery@2.0.0,MIT*,https://github.com/chaijs/chai-jquery,no
chai@3.5.0,MIT,https://github.com/chaijs/chai,no
chalk@1.1.3,MIT,https://github.com/chalk/chalk,no
chokidar@1.7.0,MIT,https://github.com/paulmillr/chokidar,no
cipher-base@1.0.4,MIT,https://github.com/crypto-browserify/cipher-base,no
class-utils@0.3.6,MIT,https://github.com/jonschlinkert/class-utils,no
clean-css@3.4.28,MIT,https://github.com/jakubpawlowicz/clean-css,no
cli-table@0.3.1,MIT*,https://github.com/Automattic/cli-table,no
cli-usage@0.1.7,MIT,,no
cliui@2.1.0,ISC,https://github.com/bcoe/cliui,no
cliui@3.2.0,ISC,https://github.com/yargs/cliui,no
clone-buffer@1.0.0,MIT,https://github.com/gulpjs/clone-buffer,no
clone-stats@0.0.1,MIT,https://github.com/hughsk/clone-stats,no
clone-stats@1.0.0,MIT,https://github.com/hughsk/clone-stats,no
clone@0.2.0,MIT,https://github.com/pvorb/node-clone,no
clone@1.0.3,MIT,https://github.com/pvorb/node-clone,no
clone@2.1.1,MIT,https://github.com/pvorb/node-clone,no
cloneable-readable@1.0.0,MIT,https://github.com/mcollina/cloneable-readable,no
co@4.6.0,MIT,https://github.com/tj/co,no
code-point-at@1.1.0,MIT,https://github.com/sindresorhus/code-point-at,no
collection-visit@1.0.0,MIT,https://github.com/jonschlinkert/collection-visit,no
color-support@1.1.3,ISC,https://github.com/isaacs/color-support,no
colors@0.6.2,Custom: http://i.imgur.com/goJdO.png,https://github.com/Marak/colors.js,no
colors@1.0.3,MIT,https://github.com/Marak/colors.js,no
combine-source-map@0.3.0,MIT,https://github.com/thlorenz/combine-source-map,no
combine-source-map@0.6.1,MIT,https://github.com/thlorenz/combine-source-map,no
combine-source-map@0.7.2,MIT,https://github.com/thlorenz/combine-source-map,no
combine-source-map@0.8.0,MIT,https://github.com/thlorenz/combine-source-map,no
combined-stream@1.0.5,MIT,https://github.com/felixge/node-combined-stream,no
commander@0.6.1,MIT*,https://github.com/visionmedia/commander.js,no
commander@2.1.0,MIT*,https://github.com/visionmedia/commander.js,no
commander@2.3.0,MIT*,https://github.com/visionmedia/commander.js,no
commander@2.8.1,MIT,https://github.com/tj/commander.js,no
commondir@0.0.1,MIT*,https://github.com/substack/node-commondir,no
component-emitter@1.2.1,MIT,https://github.com/component/emitter,no
concat-map@0.0.1,MIT,https://github.com/substack/node-concat-map,no
concat-stream@1.4.10,MIT,https://github.com/maxogden/concat-stream,no
concat-stream@1.5.2,MIT,https://github.com/maxogden/concat-stream,no
concat-with-sourcemaps@1.0.5,ISC,https://github.com/floridoo/concat-with-sourcemaps,no
console-browserify@1.1.0,MIT,https://github.com/Raynos/console-browserify,no
console-control-strings@1.1.0,ISC,https://github.com/iarna/console-control-strings,no
constants-browserify@0.0.1,MIT,https://github.com/juliangruber/constants-browserify,no
constants-browserify@1.0.0,MIT,https://github.com/juliangruber/constants-browserify,no
convert-source-map@0.3.5,MIT,https://github.com/thlorenz/convert-source-map,no
convert-source-map@1.1.3,MIT,https://github.com/thlorenz/convert-source-map,no
convert-source-map@1.5.1,MIT,https://github.com/thlorenz/convert-source-map,no
copy-descriptor@0.1.1,MIT,https://github.com/jonschlinkert/copy-descriptor,no
core-util-is@1.0.2,MIT,https://github.com/isaacs/core-util-is,no
create-ecdh@4.0.0,MIT,https://github.com/crypto-browserify/createECDH,no
create-hash@1.1.3,MIT,https://github.com/crypto-browserify/createHash,no
create-hmac@1.1.6,MIT,https://github.com/crypto-browserify/createHmac,no
cross-spawn@3.0.1,MIT,https://github.com/IndigoUnited/node-cross-spawn,no
cryptiles@2.0.5,BSD-3-Clause,https://github.com/hapijs/cryptiles,no
cryptiles@3.1.2,BSD-3-Clause,https://github.com/hapijs/cryptiles,no
crypto-browserify@3.12.0,MIT,https://github.com/crypto-browserify/crypto-browserify,no
css@2.2.1,MIT,https://github.com/reworkcss/css,no
currently-unhandled@0.4.1,MIT,https://github.com/jamestalmage/currently-unhandled,no
dashdash@1.14.1,MIT,https://github.com/trentm/node-dashdash,no
date-now@0.1.4,MIT,https://github.com/Colingo/date-now,no
dateformat@2.2.0,MIT,https://github.com/felixge/node-dateformat,no
deap@1.0.0,MIT,https://github.com/selfcontained/deap,no
debug-fabulous@0.0.4,MIT,https://github.com/nmccready/debug-fabulous,no
debug@2.2.0,MIT,https://github.com/visionmedia/debug,no
debug@2.6.8,MIT,https://github.com/visionmedia/debug,no
debug@2.6.9,MIT,https://github.com/visionmedia/debug,no
decamelize@1.2.0,MIT,https://github.com/sindresorhus/decamelize,no
decode-uri-component@0.2.0,MIT,https://github.com/SamVerschueren/decode-uri-component,no
deep-eql@0.1.3,MIT,https://github.com/chaijs/deep-eql,no
deep-equal@1.0.1,MIT,https://github.com/substack/node-deep-equal,no
deep-extend@0.4.2,MIT,https://github.com/unclechu/node-deep-extend,no
defaults@1.0.3,MIT,https://github.com/tmpvar/defaults,no
define-property@0.2.5,MIT,https://github.com/jonschlinkert/define-property,no
define-property@1.0.0,MIT,https://github.com/jonschlinkert/define-property,no
defined@0.0.0,MIT,https://github.com/substack/defined,no
defined@1.0.0,MIT,https://github.com/substack/defined,no
delayed-stream@1.0.0,MIT,https://github.com/felixge/node-delayed-stream,no
delegates@1.0.0,MIT,https://github.com/visionmedia/node-delegates,no
deprecated@0.0.1,MIT,https://github.com/wearefractal/deprecated,no
deps-sort@1.3.9,MIT,https://github.com/substack/deps-sort,no
deps-sort@2.0.0,MIT,https://github.com/substack/deps-sort,no
des.js@1.0.0,MIT,https://github.com/indutny/des.js,no
detect-file@1.0.0,MIT,https://github.com/doowb/detect-file,no
detect-libc@1.0.2,Apache-2.0,https://github.com/lovell/detect-libc,no
detect-newline@2.1.0,MIT,https://github.com/sindresorhus/detect-newline,no
detective@4.7.1,MIT,https://github.com/browserify/detective,no
diff@1.4.0,BSD,https://github.com/kpdecker/jsdiff,no
diffie-hellman@5.0.2,MIT,https://github.com/crypto-browserify/diffie-hellman,no
doctrine@1.2.3,BSD,https://github.com/eslint/doctrine,no
domain-browser@1.1.7,MIT,https://github.com/bevry/domain-browser,no
duplexer2@0.0.2,BSD*,https://github.com/deoxxa/duplexer2,no
duplexer2@0.1.4,BSD-3-Clause,https://github.com/deoxxa/duplexer2,no
ecc-jsbn@0.1.1,MIT,https://github.com/quartzjer/ecc-jsbn,no
elliptic@6.4.0,MIT,https://github.com/indutny/elliptic,no
end-of-stream@0.1.5,MIT,https://github.com/mafintosh/end-of-stream,no
error-ex@1.3.1,MIT,https://github.com/qix-/node-error-ex,no
escape-string-regexp@1.0.2,MIT,https://github.com/sindresorhus/escape-string-regexp,no
escape-string-regexp@1.0.5,MIT,https://github.com/sindresorhus/escape-string-regexp,no
esprima@2.7.3,BSD-2-Clause,https://github.com/jquery/esprima,no
esprima@3.0.0,BSD-2-Clause,https://github.com/jquery/esprima,no
esutils@2.0.2,BSD,https://github.com/estools/esutils,no
events@1.0.2,MIT,https://github.com/Gozala/events,no
events@1.1.1,MIT,https://github.com/Gozala/events,no
evp_bytestokey@1.0.3,MIT,https://github.com/crypto-browserify/EVP_BytesToKey,no
expand-brackets@0.1.5,MIT,https://github.com/jonschlinkert/expand-brackets,no
expand-brackets@2.1.4,MIT,https://github.com/jonschlinkert/expand-brackets,no
expand-range@1.8.2,MIT,https://github.com/jonschlinkert/expand-range,no
expand-tilde@2.0.2,MIT,https://github.com/jonschlinkert/expand-tilde,no
expect.js@0.3.1,MIT*,https://github.com/LearnBoost/expect.js,no
extend-shallow@2.0.1,MIT,https://github.com/jonschlinkert/extend-shallow,no
extend-shallow@3.0.2,MIT,https://github.com/jonschlinkert/extend-shallow,no
extend@3.0.1,MIT,https://github.com/justmoon/node-extend,no
extglob@0.3.2,MIT,https://github.com/jonschlinkert/extglob,no
extglob@2.0.4,MIT,https://github.com/micromatch/extglob,no
extsprintf@1.0.2,MIT*,https://github.com/davepacheco/node-extsprintf,no
extsprintf@1.3.0,MIT,https://github.com/davepacheco/node-extsprintf,no
fancy-log@1.3.2,MIT,https://github.com/js-cli/fancy-log,no
fast-deep-equal@1.0.0,MIT,https://github.com/epoberezkin/fast-deep-equal,no
fast-json-stable-stringify@2.0.0,MIT,https://github.com/epoberezkin/fast-json-stable-stringify,no
file@0.2.2,MIT,https://github.com/aconbere/node-file-utils,no
filename-regex@2.0.1,MIT,https://github.com/regexhq/filename-regex,no
fill-range@2.2.3,MIT,https://github.com/jonschlinkert/fill-range,no
fill-range@4.0.0,MIT,https://github.com/jonschlinkert/fill-range,no
find-index@0.1.1,MIT,https://github.com/jsdf/find-index,no
find-parent-dir@0.3.0,MIT,https://github.com/thlorenz/find-parent-dir,no
find-up@1.1.2,MIT,https://github.com/sindresorhus/find-up,no
findup-sync@2.0.0,MIT,https://github.com/js-cli/node-findup-sync,no
findup@0.1.5,MIT,https://github.com/Filirom1/findup,no
fined@1.1.0,MIT,https://github.com/js-cli/fined,no
first-chunk-stream@1.0.0,MIT,https://github.com/sindresorhus/first-chunk-stream,no
flagged-respawn@1.0.0,MIT,https://github.com/js-cli/js-flagged-respawn,no
font-awesome@4.7.0,(OFL-1.1 AND MIT),https://github.com/FortAwesome/Font-Awesome,no
for-in@1.0.2,MIT,https://github.com/jonschlinkert/for-in,no
for-own@0.1.5,MIT,https://github.com/jonschlinkert/for-own,no
for-own@1.0.0,MIT,https://github.com/jonschlinkert/for-own,no
forever-agent@0.6.1,Apache-2.0,https://github.com/mikeal/forever-agent,no
form-data@2.1.4,MIT,https://github.com/form-data/form-data,no
form-data@2.3.1,MIT,https://github.com/form-data/form-data,no
fragment-cache@0.2.1,MIT,https://github.com/jonschlinkert/fragment-cache,no
fs-extra@0.18.4,MIT,https://github.com/jprichardson/node-fs-extra,no
fs.realpath@1.0.0,ISC,https://github.com/isaacs/fs.realpath,no
fsevents@1.1.3,MIT,https://github.com/strongloop/fsevents,no
fstream-ignore@1.0.5,ISC,https://github.com/isaacs/fstream-ignore,no
fstream@1.0.11,ISC,https://github.com/npm/fstream,no
function-bind@1.1.1,MIT,https://github.com/Raynos/function-bind,no
gauge@2.7.4,ISC,https://github.com/iarna/gauge,no
gaze@0.5.2,MIT,https://github.com/shama/gaze,no
gaze@1.1.2,MIT,https://github.com/shama/gaze,no
get-caller-file@1.0.2,ISC,https://github.com/stefanpenner/get-caller-file,no
get-imports@1.0.0,MIT,https://github.com/kevva/get-import,no
get-stdin@4.0.1,MIT,https://github.com/sindresorhus/get-stdin,no
get-value@2.0.6,MIT,https://github.com/jonschlinkert/get-value,no
getpass@0.1.7,MIT,https://github.com/arekinath/node-getpass,no
glob-base@0.3.0,MIT,https://github.com/jonschlinkert/glob-base,no
glob-parent@2.0.0,ISC,https://github.com/es128/glob-parent,no
glob-stream@3.1.18,MIT,https://github.com/wearefractal/glob-stream,no
glob-watcher@0.0.6,MIT,https://github.com/wearefractal/glob-watcher,no
glob2base@0.0.12,MIT,https://github.com/wearefractal/glob2base,no
glob@3.1.21,BSD*,https://github.com/isaacs/node-glob,no
glob@3.2.11,BSD*,https://github.com/isaacs/node-glob,no
glob@4.5.3,ISC,https://github.com/isaacs/node-glob,no
glob@5.0.15,ISC,https://github.com/isaacs/node-glob,no
glob@7.1.2,ISC,https://github.com/isaacs/node-glob,no
global-modules@1.0.0,MIT,https://github.com/jonschlinkert/global-modules,no
global-prefix@1.0.2,MIT,https://github.com/jonschlinkert/global-prefix,no
globby@2.1.0,MIT,https://github.com/sindresorhus/globby,no
globule@0.1.0,MIT,https://github.com/cowboy/node-globule,no
globule@1.2.0,MIT,https://github.com/cowboy/node-globule,no
glogg@1.0.0,MIT,https://github.com/undertakerjs/glogg,no
graceful-fs@1.2.3,BSD*,https://github.com/isaacs/node-graceful-fs,no
graceful-fs@3.0.11,ISC,https://github.com/isaacs/node-graceful-fs,no
graceful-fs@4.1.11,ISC,https://github.com/isaacs/node-graceful-fs,no
graceful-readlink@1.0.1,MIT,https://github.com/zhiyelee/graceful-readlink,no
growl@1.9.2,MIT,https://github.com/tj/node-growl,no
growly@1.3.0,MIT,https://github.com/theabraham/growly,no
gulp-concat-css@2.3.0,MIT,https://github.com/mariocasciaro/gulp-concat-css,no
gulp-concat@2.6.1,MIT,https://github.com/contra/gulp-concat,no
gulp-header@1.8.9,MIT,https://github.com/tracker1/gulp-header,no
gulp-minify-css@1.2.4,MIT,,no
gulp-mocha@2.2.0,MIT,https://github.com/sindresorhus/gulp-mocha,no
gulp-notify@2.2.0,MIT,https://github.com/mikaelbr/gulp-notify,no
gulp-order@1.1.1,MIT,https://github.com/sirlantis/gulp-order,no
gulp-sass@2.3.2,MIT,https://github.com/dlmanning/gulp-sass,no
gulp-sourcemaps@1.12.0,ISC,https://github.com/floridoo/gulp-sourcemaps,no
gulp-strip-debug@1.1.0,MIT,https://github.com/sindresorhus/gulp-strip-debug,no
gulp-uglify@1.5.4,MIT,https://github.com/terinjokes/gulp-uglify,no
gulp-util@3.0.8,MIT,https://github.com/gulpjs/gulp-util,no
gulp@3.9.1,MIT,https://github.com/gulpjs/gulp,no
gulplog@1.0.0,MIT,https://github.com/gulpjs/gulplog,no
gutil@1.6.4,GNU,,no
har-schema@1.0.5,ISC,https://github.com/ahmadnassri/har-schema,no
har-schema@2.0.0,ISC,https://github.com/ahmadnassri/har-schema,no
har-validator@4.2.1,ISC,https://github.com/ahmadnassri/har-validator,no
har-validator@5.0.3,ISC,https://github.com/ahmadnassri/har-validator,no
has-ansi@2.0.0,MIT,https://github.com/sindresorhus/has-ansi,no
has-gulplog@0.1.0,MIT,https://github.com/gulpjs/has-gulplog,no
has-unicode@2.0.1,ISC,https://github.com/iarna/has-unicode,no
has-value@0.3.1,MIT,https://github.com/jonschlinkert/has-value,no
has-value@1.0.0,MIT,https://github.com/jonschlinkert/has-value,no
has-values@0.1.4,MIT,https://github.com/jonschlinkert/has-values,no
has-values@1.0.0,MIT,https://github.com/jonschlinkert/has-values,no
has@1.0.1,MIT,https://github.com/tarruda/has,no
hash-base@2.0.2,MIT,https://github.com/crypto-browserify/hash-base,no
hash-base@3.0.4,MIT,https://github.com/crypto-browserify/hash-base,no
hash.js@1.1.3,MIT,https://github.com/indutny/hash.js,no
hawk@3.1.3,BSD-3-Clause,https://github.com/hueniverse/hawk,no
hawk@6.0.2,BSD-3-Clause,https://github.com/hueniverse/hawk,no
hmac-drbg@1.0.1,MIT,https://github.com/indutny/hmac-drbg,no
hoek@2.16.3,BSD-3-Clause,https://github.com/hapijs/hoek,no
hoek@4.2.0,BSD-3-Clause,https://github.com/hapijs/hoek,no
homedir-polyfill@1.0.1,MIT,https://github.com/doowb/homedir-polyfill,no
hosted-git-info@2.5.0,ISC,https://github.com/npm/hosted-git-info,no
htmlescape@1.1.1,MIT,https://github.com/zertosh/htmlescape,no
http-browserify@1.7.0,MIT*,https://github.com/substack/http-browserify,no
http-signature@1.1.1,MIT,https://github.com/joyent/node-http-signature,no
http-signature@1.2.0,MIT,https://github.com/joyent/node-http-signature,no
https-browserify@0.0.1,MIT,https://github.com/substack/https-browserify,no
https-browserify@1.0.0,MIT,https://github.com/substack/https-browserify,no
ieee754@1.1.8,BSD-3-Clause,https://github.com/feross/ieee754,no
import-regex@1.1.0,MIT,https://github.com/kevva/import-regex,no
in-publish@2.0.0,ISC,https://github.com/iarna/in-publish,no
indent-string@2.1.0,MIT,https://github.com/sindresorhus/indent-string,no
indexof@0.0.1,MIT*,,no
inflight@1.0.6,ISC,https://github.com/npm/inflight,no
inherits@1.0.2,ISC*,https://github.com/isaacs/inherits,no
inherits@2.0.1,ISC,https://github.com/isaacs/inherits,no
inherits@2.0.3,ISC,https://github.com/isaacs/inherits,no
ini@1.3.4,ISC,https://github.com/isaacs/ini,no
ini@1.3.5,ISC,https://github.com/isaacs/ini,no
inline-source-map@0.3.1,MIT,https://github.com/thlorenz/inline-source-map,no
inline-source-map@0.5.0,MIT,https://github.com/thlorenz/inline-source-map,no
inline-source-map@0.6.2,MIT,https://github.com/thlorenz/inline-source-map,no
insert-module-globals@6.6.3,MIT,https://github.com/substack/insert-module-globals,no
insert-module-globals@7.0.1,MIT,https://github.com/substack/insert-module-globals,no
interpret@1.1.0,MIT,https://github.com/tkellen/node-interpret,no
invert-kv@1.0.0,MIT,https://github.com/sindresorhus/invert-kv,no
ip-regex@1.0.3,MIT,https://github.com/sindresorhus/ip-regex,no
irregular-plurals@1.4.0,MIT,https://github.com/sindresorhus/irregular-plurals,no
is-absolute@1.0.0,MIT,https://github.com/jonschlinkert/is-absolute,no
is-accessor-descriptor@0.1.6,MIT,https://github.com/jonschlinkert/is-accessor-descriptor,no
is-accessor-descriptor@1.0.0,MIT,https://github.com/jonschlinkert/is-accessor-descriptor,no
is-arrayish@0.2.1,MIT,https://github.com/qix-/node-is-arrayish,no
is-binary-path@1.0.1,MIT,https://github.com/sindresorhus/is-binary-path,no
is-buffer@1.1.6,MIT,https://github.com/feross/is-buffer,no
is-builtin-module@1.0.0,MIT,https://github.com/sindresorhus/is-builtin-module,no
is-data-descriptor@0.1.4,MIT,https://github.com/jonschlinkert/is-data-descriptor,no
is-data-descriptor@1.0.0,MIT,https://github.com/jonschlinkert/is-data-descriptor,no
is-descriptor@0.1.6,MIT,https://github.com/jonschlinkert/is-descriptor,no
is-descriptor@1.0.2,MIT,https://github.com/jonschlinkert/is-descriptor,no
is-dotfile@1.0.3,MIT,https://github.com/jonschlinkert/is-dotfile,no
is-equal-shallow@0.1.3,MIT,https://github.com/jonschlinkert/is-equal-shallow,no
is-extendable@0.1.1,MIT,https://github.com/jonschlinkert/is-extendable,no
is-extendable@1.0.1,MIT,https://github.com/jonschlinkert/is-extendable,no
is-extglob@1.0.0,MIT,https://github.com/jonschlinkert/is-extglob,no
is-extglob@2.1.1,MIT,https://github.com/jonschlinkert/is-extglob,no
is-finite@1.0.2,MIT,https://github.com/sindresorhus/is-finite,no
is-fullwidth-code-point@1.0.0,MIT,https://github.com/sindresorhus/is-fullwidth-code-point,no
is-glob@2.0.1,MIT,https://github.com/jonschlinkert/is-glob,no
is-glob@3.1.0,MIT,https://github.com/jonschlinkert/is-glob,no
is-number@2.1.0,MIT,https://github.com/jonschlinkert/is-number,no
is-number@3.0.0,MIT,https://github.com/jonschlinkert/is-number,no
is-odd@1.0.0,MIT,https://github.com/jonschlinkert/is-odd,no
is-plain-object@2.0.4,MIT,https://github.com/jonschlinkert/is-plain-object,no
is-posix-bracket@0.1.1,MIT,https://github.com/jonschlinkert/is-posix-bracket,no
is-primitive@2.0.0,MIT,https://github.com/jonschlinkert/is-primitive,no
is-relative@1.0.0,MIT,https://github.com/jonschlinkert/is-relative,no
is-typedarray@1.0.0,MIT,https://github.com/hughsk/is-typedarray,no
is-unc-path@1.0.0,MIT,https://github.com/jonschlinkert/is-unc-path,no
is-utf8@0.2.1,MIT,https://github.com/wayfind/is-utf8,no
is-windows@1.0.1,MIT,https://github.com/jonschlinkert/is-windows,no
is@3.2.1,MIT,https://github.com/enricomarino/is,no
isarray@0.0.1,MIT,https://github.com/juliangruber/isarray,no
isarray@1.0.0,MIT,https://github.com/juliangruber/isarray,no
isexe@2.0.0,ISC,https://github.com/isaacs/isexe,no
isobject@2.1.0,MIT,https://github.com/jonschlinkert/isobject,no
isobject@3.0.1,MIT,https://github.com/jonschlinkert/isobject,no
isstream@0.1.2,MIT,https://github.com/rvagg/isstream,no
jade@0.26.3,MIT*,https://github.com/visionmedia/jade,no
jodid25519@1.0.2,MIT,https://github.com/meganz/jodid25519,no
jquery-ui-form-builder@1.0.0,MIT,https://github.com/mirko77/jquery-ui-form-builder,no
js-base64@2.4.1,BSD-3-Clause,https://github.com/dankogai/js-base64,no
jsbn@0.1.1,MIT,https://github.com/andyperlitch/jsbn,no
json-schema-traverse@0.3.1,MIT,https://github.com/epoberezkin/json-schema-traverse,no
json-schema@0.2.3,"AFLv2.1,BSD",https://github.com/kriszyp/json-schema,no
json-stable-stringify@0.0.1,MIT,https://github.com/substack/json-stable-stringify,no
json-stable-stringify@1.0.1,MIT,https://github.com/substack/json-stable-stringify,no
json-stringify-safe@5.0.1,ISC,https://github.com/isaacs/json-stringify-safe,no
jsonfile@2.4.0,MIT,https://github.com/jprichardson/node-jsonfile,no
jsonify@0.0.0,Public Domain,https://github.com/substack/jsonify,no
jsonparse@0.0.5,MIT,https://github.com/creationix/jsonparse,no
jsonparse@1.3.1,MIT,https://github.com/creationix/jsonparse,no
jsprim@1.4.0,MIT,https://github.com/joyent/node-jsprim,no
jsprim@1.4.1,MIT,https://github.com/joyent/node-jsprim,no
kind-of@3.2.2,MIT,https://github.com/jonschlinkert/kind-of,no
kind-of@4.0.0,MIT,https://github.com/jonschlinkert/kind-of,no
kind-of@5.1.0,MIT,https://github.com/jonschlinkert/kind-of,no
kind-of@6.0.2,MIT,https://github.com/jonschlinkert/kind-of,no
labeled-stream-splicer@1.0.2,MIT,https://github.com/substack/labeled-stream-splicer,no
labeled-stream-splicer@2.0.0,MIT,https://github.com/substack/labeled-stream-splicer,no
lazy-cache@1.0.4,MIT,https://github.com/jonschlinkert/lazy-cache,no
lazy-cache@2.0.2,MIT,https://github.com/jonschlinkert/lazy-cache,no
lazy-debug-legacy@0.0.1,MIT,https://github.com/apihlaja/lazy-debug,no
lcid@1.0.0,MIT,https://github.com/sindresorhus/lcid,no
lexical-scope@1.2.0,MIT,https://github.com/substack/lexical-scope,no
liftoff@2.5.0,MIT,https://github.com/js-cli/js-liftoff,no
load-json-file@1.1.0,MIT,https://github.com/sindresorhus/load-json-file,no
lodash._arraycopy@3.0.0,MIT,https://github.com/lodash/lodash,no
lodash._arrayeach@3.0.0,MIT,https://github.com/lodash/lodash,no
lodash._baseassign@3.2.0,MIT,https://github.com/lodash/lodash,no
lodash._baseclone@3.3.0,MIT,https://github.com/lodash/lodash,no
lodash._basecopy@3.0.1,MIT,https://github.com/lodash/lodash,no
lodash._basefor@3.0.3,MIT,https://github.com/lodash/lodash,no
lodash._basetostring@3.0.1,MIT,https://github.com/lodash/lodash,no
lodash._basevalues@3.0.0,MIT,https://github.com/lodash/lodash,no
lodash._bindcallback@3.0.1,MIT,https://github.com/lodash/lodash,no
lodash._createassigner@3.1.1,MIT,https://github.com/lodash/lodash,no
lodash._getnative@3.9.1,MIT,https://github.com/lodash/lodash,no
lodash._isiterateecall@3.0.9,MIT,https://github.com/lodash/lodash,no
lodash._reescape@3.0.0,MIT,https://github.com/lodash/lodash,no
lodash._reevaluate@3.0.0,MIT,https://github.com/lodash/lodash,no
lodash._reinterpolate@3.0.0,MIT,https://github.com/lodash/lodash,no
lodash._root@3.0.1,MIT,https://github.com/lodash/lodash,no
lodash.assign@3.2.0,MIT,https://github.com/lodash/lodash,no
lodash.assign@4.2.0,MIT,https://github.com/lodash/lodash,no
lodash.clonedeep@3.0.2,MIT,https://github.com/lodash/lodash,no
lodash.clonedeep@4.5.0,MIT,https://github.com/lodash/lodash,no
lodash.defaults@3.1.2,MIT,https://github.com/lodash/lodash,no
lodash.escape@3.2.0,MIT,https://github.com/lodash/lodash,no
lodash.isarguments@3.1.0,MIT,https://github.com/lodash/lodash,no
lodash.isarray@3.0.4,MIT,https://github.com/lodash/lodash,no
lodash.keys@3.1.2,MIT,https://github.com/lodash/lodash,no
lodash.memoize@3.0.4,MIT,https://github.com/lodash/lodash,no
lodash.restparam@3.6.1,MIT,https://github.com/lodash/lodash,no
lodash.template@3.6.2,MIT,https://github.com/lodash/lodash,no
lodash.templatesettings@3.1.1,MIT,https://github.com/lodash/lodash,no
lodash.toarray@4.4.0,MIT,https://github.com/lodash/lodash,no
lodash@1.0.2,MIT,https://github.com/lodash/lodash,no
lodash@3.10.1,MIT,https://github.com/lodash/lodash,no
lodash@4.17.4,MIT,https://github.com/lodash/lodash,no
longest@1.0.1,MIT,https://github.com/jonschlinkert/longest,no
loud-rejection@1.6.0,MIT,https://github.com/sindresorhus/loud-rejection,no
lru-cache@2.7.3,ISC,https://github.com/isaacs/node-lru-cache,no
lru-cache@4.1.1,ISC,https://github.com/isaacs/node-lru-cache,no
make-iterator@1.0.0,MIT,https://github.com/jonschlinkert/make-iterator,no
map-cache@0.2.2,MIT,https://github.com/jonschlinkert/map-cache,no
map-obj@1.0.1,MIT,https://github.com/sindresorhus/map-obj,no
map-visit@1.0.0,MIT,https://github.com/jonschlinkert/map-visit,no
marked-terminal@2.0.0,MIT,https://github.com/mikaelbr/marked-terminal,no
marked@0.3.12,MIT,https://github.com/chjj/marked,no
md5.js@1.3.4,MIT,https://github.com/crypto-browserify/md5.js,no
meow@3.7.0,MIT,https://github.com/sindresorhus/meow,no
micromatch@2.3.11,MIT,https://github.com/jonschlinkert/micromatch,no
micromatch@3.1.5,MIT,https://github.com/micromatch/micromatch,no
miller-rabin@4.0.1,MIT,https://github.com/indutny/miller-rabin,no
mime-db@1.27.0,MIT,https://github.com/jshttp/mime-db,no
mime-db@1.30.0,MIT,https://github.com/jshttp/mime-db,no
mime-types@2.1.15,MIT,https://github.com/jshttp/mime-types,no
mime-types@2.1.17,MIT,https://github.com/jshttp/mime-types,no
minimalistic-assert@1.0.0,ISC,https://github.com/calvinmetcalf/minimalistic-assert,no
minimalistic-crypto-utils@1.0.1,MIT,https://github.com/indutny/minimalistic-crypto-utils,no
minimatch@0.2.14,MIT,https://github.com/isaacs/minimatch,no
minimatch@0.3.0,MIT,https://github.com/isaacs/minimatch,no
minimatch@2.0.10,ISC,https://github.com/isaacs/minimatch,no
minimatch@3.0.4,ISC,https://github.com/isaacs/minimatch,no
minimist@0.0.8,MIT,https://github.com/substack/minimist,no
minimist@1.2.0,MIT,https://github.com/substack/minimist,no
mixin-deep@1.3.0,MIT,https://github.com/jonschlinkert/mixin-deep,no
mkdirp@0.3.0,MIT*,https://github.com/substack/node-mkdirp,no
mkdirp@0.5.1,MIT,https://github.com/substack/node-mkdirp,no
mocha@2.5.3,MIT,https://github.com/mochajs/mocha,no
modernizr@3.5.0,MIT,https://github.com/Modernizr/Modernizr,no
module-deps@3.9.1,MIT,https://github.com/substack/module-deps,no
module-deps@4.1.1,MIT,https://github.com/substack/module-deps,no
ms@0.7.1,MIT*,https://github.com/guille/ms.js,no
ms@2.0.0,MIT,https://github.com/zeit/ms,no
multipipe@0.1.2,MIT,https://github.com/juliangruber/multipipe,no
nan@2.8.0,MIT,https://github.com/nodejs/nan,no
nanomatch@1.2.7,MIT,https://github.com/micromatch/nanomatch,no
natives@1.1.1,ISC,https://github.com/isaacs/natives,no
node-emoji@1.8.1,MIT,https://github.com/omnidan/node-emoji,no
node-gyp@3.6.2,MIT,https://github.com/nodejs/node-gyp,no
node-notifier@4.6.1,MIT,https://github.com/mikaelbr/node-notifier,no
node-pre-gyp@0.6.39,BSD-3-Clause,https://github.com/mapbox/node-pre-gyp,no
node-sass@3.13.1,MIT,https://github.com/sass/node-sass,no
node.extend@1.1.6,(MIT OR GPL-2.0),https://github.com/dreamerslab/node.extend,no
nopt@3.0.6,ISC,https://github.com/npm/nopt,no
nopt@4.0.1,ISC,https://github.com/npm/nopt,no
normalize-package-data@2.4.0,BSD-2-Clause,https://github.com/npm/normalize-package-data,no
normalize-path@2.1.1,MIT,https://github.com/jonschlinkert/normalize-path,no
npmlog@4.1.0,ISC,https://github.com/npm/npmlog,no
npmlog@4.1.2,ISC,https://github.com/npm/npmlog,no
number-is-nan@1.0.1,MIT,https://github.com/sindresorhus/number-is-nan,no
oauth-sign@0.8.2,Apache-2.0,https://github.com/mikeal/oauth-sign,no
object-assign@3.0.0,MIT,https://github.com/sindresorhus/object-assign,no
object-assign@4.1.0,MIT,https://github.com/sindresorhus/object-assign,no
object-assign@4.1.1,MIT,https://github.com/sindresorhus/object-assign,no
object-copy@0.1.0,MIT,https://github.com/jonschlinkert/object-copy,no
object-visit@1.0.1,MIT,https://github.com/jonschlinkert/object-visit,no
object.defaults@1.1.0,MIT,https://github.com/jonschlinkert/object.defaults,no
object.map@1.0.1,MIT,https://github.com/jonschlinkert/object.map,no
object.omit@2.0.1,MIT,https://github.com/jonschlinkert/object.omit,no
object.pick@1.3.0,MIT,https://github.com/jonschlinkert/object.pick,no
once@1.3.3,ISC,https://github.com/isaacs/once,no
once@1.4.0,ISC,https://github.com/isaacs/once,no
orchestrator@0.3.8,MIT,https://github.com/robrich/orchestrator,no
ordered-read-streams@0.1.0,MIT,https://github.com/armed/ordered-read-streams,no
os-browserify@0.1.2,MIT,https://github.com/drewyoung1/os-browserify,no
os-browserify@0.3.0,MIT,https://github.com/CoderPuppy/os-browserify,no
os-homedir@1.0.2,MIT,https://github.com/sindresorhus/os-homedir,no
os-locale@1.4.0,MIT,https://github.com/sindresorhus/os-locale,no
os-tmpdir@1.0.2,MIT,https://github.com/sindresorhus/os-tmpdir,no
osenv@0.1.4,ISC,https://github.com/npm/osenv,no
outpipe@1.1.1,MIT,https://github.com/substack/outpipe,no
pako@0.2.9,MIT,https://github.com/nodeca/pako,no
pako@1.0.6,(MIT AND Zlib),https://github.com/nodeca/pako,no
parents@1.0.1,MIT,https://github.com/substack/node-parents,no
parse-asn1@5.1.0,ISC,https://github.com/crypto-browserify/parse-asn1,no
parse-filepath@1.0.2,MIT,https://github.com/jonschlinkert/parse-filepath,no
parse-glob@3.0.4,MIT,https://github.com/jonschlinkert/parse-glob,no
parse-import@2.0.0,MIT,https://github.com/kevva/parse-import,no
parse-json@2.2.0,MIT,https://github.com/sindresorhus/parse-json,no
parse-passwd@1.0.0,MIT,https://github.com/doowb/parse-passwd,no
pascalcase@0.1.1,MIT,https://github.com/jonschlinkert/pascalcase,no
path-browserify@0.0.0,MIT,https://github.com/substack/path-browserify,no
path-exists@2.1.0,MIT,https://github.com/sindresorhus/path-exists,no
path-is-absolute@1.0.1,MIT,https://github.com/sindresorhus/path-is-absolute,no
path-parse@1.0.5,MIT,https://github.com/jbgutierrez/path-parse,no
path-platform@0.11.15,MIT,https://github.com/tjfontaine/node-path-platform,no
path-root-regex@0.1.2,MIT,https://github.com/regexhq/path-root-regex,no
path-root@0.1.1,MIT,https://github.com/jonschlinkert/path-root,no
path-type@1.1.0,MIT,https://github.com/sindresorhus/path-type,no
pbkdf2@3.0.14,MIT,https://github.com/crypto-browserify/pbkdf2,no
performance-now@0.2.0,MIT,https://github.com/meryn/performance-now,no
performance-now@2.1.0,MIT,https://github.com/braveg1rl/performance-now,no
pify@2.3.0,MIT,https://github.com/sindresorhus/pify,no
pinkie-promise@2.0.1,MIT,https://github.com/floatdrop/pinkie-promise,no
pinkie@2.0.4,MIT,https://github.com/floatdrop/pinkie,no
plur@2.1.2,MIT,https://github.com/sindresorhus/plur,no
posix-character-classes@0.1.1,MIT,https://github.com/jonschlinkert/posix-character-classes,no
preserve@0.2.0,MIT,https://github.com/jonschlinkert/preserve,no
pretty-hrtime@1.0.3,MIT,https://github.com/robrich/pretty-hrtime,no
process-nextick-args@1.0.7,MIT,https://github.com/calvinmetcalf/process-nextick-args,no
process@0.10.1,MIT*,https://github.com/shtylman/node-process,no
process@0.11.10,MIT,https://github.com/shtylman/node-process,no
pseudomap@1.0.2,ISC,https://github.com/isaacs/pseudomap,no
public-encrypt@4.0.0,MIT,https://github.com/crypto-browserify/publicEncrypt,no
punycode@1.2.4,"MIT,GPL",https://github.com/bestiejs/punycode.js,no
punycode@1.3.2,MIT,https://github.com/bestiejs/punycode.js,no
punycode@1.4.1,MIT,https://github.com/bestiejs/punycode.js,no
qs@6.4.0,BSD-3-Clause,https://github.com/ljharb/qs,no
qs@6.5.1,BSD-3-Clause,https://github.com/ljharb/qs,no
querystring-es3@0.2.1,MIT,https://github.com/mike-spainhower/querystring,no
querystring@0.2.0,MIT,https://github.com/Gozala/querystring,no
randomatic@1.1.7,MIT,https://github.com/jonschlinkert/randomatic,no
randombytes@2.0.6,MIT,https://github.com/crypto-browserify/randombytes,no
randomfill@1.0.3,MIT,https://github.com/crypto-browserify/randombytes,no
rc@1.2.1,(BSD-2-Clause OR MIT OR Apache-2.0),https://github.com/dominictarr/rc,no
read-only-stream@1.1.1,MIT,https://github.com/substack/read-only-stream,no
read-only-stream@2.0.0,MIT,https://github.com/substack/read-only-stream,no
read-pkg-up@1.0.1,MIT,https://github.com/sindresorhus/read-pkg-up,no
read-pkg@1.1.0,MIT,https://github.com/sindresorhus/read-pkg,no
readable-stream@1.0.34,MIT,https://github.com/isaacs/readable-stream,no
readable-stream@1.1.14,MIT,https://github.com/isaacs/readable-stream,no
readable-stream@2.0.6,MIT,https://github.com/nodejs/readable-stream,no
readable-stream@2.2.9,MIT,https://github.com/nodejs/readable-stream,no
readable-stream@2.3.3,MIT,https://github.com/nodejs/readable-stream,no
readable-wrap@1.0.0,MIT,https://github.com/substack/readable-wrap,no
readdirp@2.1.0,MIT,https://github.com/thlorenz/readdirp,no
rechoir@0.6.2,MIT,https://github.com/tkellen/node-rechoir,no
redent@1.0.0,MIT,https://github.com/sindresorhus/redent,no
redeyed@1.0.1,MIT,https://github.com/thlorenz/redeyed,no
regex-cache@0.4.4,MIT,https://github.com/jonschlinkert/regex-cache,no
regex-not@1.0.0,MIT,https://github.com/jonschlinkert/regex-not,no
remarkable@1.7.1,MIT,https://github.com/jonschlinkert/remarkable,no
remove-trailing-separator@1.1.0,ISC,https://github.com/darsain/remove-trailing-separator,no
repeat-element@1.1.2,MIT,https://github.com/jonschlinkert/repeat-element,no
repeat-string@1.6.1,MIT,https://github.com/jonschlinkert/repeat-string,no
repeating@2.0.1,MIT,https://github.com/sindresorhus/repeating,no
replace-ext@0.0.1,MIT,https://github.com/wearefractal/replace-ext,no
replace-ext@1.0.0,MIT,https://github.com/gulpjs/replace-ext,no
request@2.81.0,Apache-2.0,https://github.com/request/request,no
request@2.83.0,Apache-2.0,https://github.com/request/request,no
require-directory@2.1.1,MIT,https://github.com/troygoode/node-require-directory,no
require-main-filename@1.0.1,ISC,https://github.com/yargs/require-main-filename,no
requirejs@2.1.22,"BSD,MIT",https://github.com/jrburke/r.js,no
resolve-dir@1.0.1,MIT,https://github.com/jonschlinkert/resolve-dir,no
resolve-from@1.0.1,MIT,https://github.com/sindresorhus/resolve-from,no
resolve-url@0.2.1,MIT,https://github.com/lydell/resolve-url,no
resolve@1.1.7,MIT,https://github.com/substack/node-resolve,no
resolve@1.5.0,MIT,https://github.com/browserify/node-resolve,no
rework-import@2.1.0,MIT,https://github.com/reworkcss/rework-import,no
rework-plugin-function@1.0.2,MIT,https://github.com/reworkcss/rework-plugin-function,no
rework-plugin-url@1.1.0,MIT,https://github.com/reworkcss/rework-plugin-url,no
rework-visit@1.0.0,MIT,,no
rework@1.0.1,MIT*,https://github.com/reworkcss/rework,no
right-align@0.1.3,MIT,https://github.com/jonschlinkert/right-align,no
rimraf@2.2.8,MIT,https://github.com/isaacs/rimraf,no
rimraf@2.6.1,ISC,https://github.com/isaacs/rimraf,no
ripemd160@2.0.1,MIT,https://github.com/crypto-browserify/ripemd160,no
rocambole-node-remove@1.0.0,MIT,https://github.com/sindresorhus/rocambole-node-remove,no
rocambole-node-update@1.0.1,MIT,https://github.com/sindresorhus/rocambole-node-update,no
rocambole-strip-alert@1.0.0,MIT,https://github.com/pwmckenna/rocambole-strip-alert,no
rocambole-strip-console@1.0.0,MIT,https://github.com/sindresorhus/rocambole-strip-console,no
rocambole-strip-debugger@1.0.0,MIT,https://github.com/sindresorhus/rocambole-strip-debugger,no
rocambole-token@1.2.1,MIT,https://github.com/millermedeiros/rocambole-token,no
rocambole@0.5.1,MIT,https://github.com/millermedeiros/rocambole,no
safe-buffer@5.0.1,MIT,https://github.com/feross/safe-buffer,no
safe-buffer@5.1.1,MIT,https://github.com/feross/safe-buffer,no
sass-graph@2.2.4,MIT,https://github.com/xzyfer/sass-graph,no
scss-tokenizer@0.2.3,MIT,https://github.com/sasstools/scss-tokenizer,no
semver@4.3.6,ISC,https://github.com/npm/node-semver,no
semver@5.3.0,ISC,https://github.com/npm/node-semver,no
semver@5.5.0,ISC,https://github.com/npm/node-semver,no
sequencify@0.0.7,MIT,https://github.com/robrich/sequencify,no
set-blocking@2.0.0,ISC,https://github.com/yargs/set-blocking,no
set-getter@0.1.0,MIT,https://github.com/doowb/set-getter,no
set-immediate-shim@1.0.1,MIT,https://github.com/sindresorhus/set-immediate-shim,no
set-value@0.4.3,MIT,https://github.com/jonschlinkert/set-value,no
set-value@2.0.0,MIT,https://github.com/jonschlinkert/set-value,no
sha.js@2.4.10,MIT,https://github.com/crypto-browserify/sha.js,no
shallow-copy@0.0.1,MIT,https://github.com/substack/shallow-copy,no
shasum@1.0.2,MIT,https://github.com/dominictarr/shasum,no
shell-quote@0.0.1,MIT,https://github.com/substack/node-shell-quote,no
shell-quote@1.6.1,MIT,https://github.com/substack/node-shell-quote,no
shellwords@0.1.1,MIT,https://github.com/jimmycuadra/shellwords,no
sigmund@1.0.1,ISC,https://github.com/isaacs/sigmund,no
signal-exit@3.0.2,ISC,https://github.com/tapjs/signal-exit,no
sliced@1.0.1,MIT,https://github.com/aheckmann/sliced,no
snapdragon-node@2.1.1,MIT,https://github.com/jonschlinkert/snapdragon-node,no
snapdragon-util@3.0.1,MIT,https://github.com/jonschlinkert/snapdragon-util,no
snapdragon@0.8.1,MIT,https://github.com/jonschlinkert/snapdragon,no
sntp@1.0.9,BSD,https://github.com/hueniverse/sntp,no
sntp@2.1.0,BSD-3-Clause,https://github.com/hueniverse/sntp,no
source-map-resolve@0.3.1,MIT,https://github.com/lydell/source-map-resolve,no
source-map-resolve@0.5.1,MIT,https://github.com/lydell/source-map-resolve,no
source-map-url@0.3.0,MIT,https://github.com/lydell/source-map-url,no
source-map-url@0.4.0,MIT,https://github.com/lydell/source-map-url,no
source-map@0.1.43,BSD,https://github.com/mozilla/source-map,no
source-map@0.3.0,BSD,https://github.com/mozilla/source-map,no
source-map@0.4.4,BSD-3-Clause,https://github.com/mozilla/source-map,no
source-map@0.5.7,BSD-3-Clause,https://github.com/mozilla/source-map,no
source-map@0.6.1,BSD-3-Clause,https://github.com/mozilla/source-map,no
sparkles@1.0.0,MIT,https://github.com/phated/sparkles,no
spdx-correct@1.0.2,Apache-2.0,https://github.com/kemitchell/spdx-correct.js,no
spdx-expression-parse@1.0.4,(MIT AND CC-BY-3.0),https://github.com/kemitchell/spdx-expression-parse.js,no
spdx-license-ids@1.2.2,Unlicense,https://github.com/shinnn/spdx-license-ids,no
split-string@3.1.0,MIT,https://github.com/jonschlinkert/split-string,no
sshpk@1.13.0,MIT,https://github.com/arekinath/node-sshpk,no
sshpk@1.13.1,MIT,https://github.com/arekinath/node-sshpk,no
static-extend@0.1.2,MIT,https://github.com/jonschlinkert/static-extend,no
stream-browserify@1.0.0,MIT,https://github.com/substack/stream-browserify,no
stream-browserify@2.0.1,MIT,https://github.com/substack/stream-browserify,no
stream-combiner2@1.0.2,MIT,https://github.com/substack/stream-combiner2,no
stream-combiner2@1.1.1,MIT,https://github.com/substack/stream-combiner2,no
stream-consume@0.1.0,MIT,https://github.com/aroneous/stream-consume,no
stream-http@2.8.0,MIT,https://github.com/jhiesey/stream-http,no
stream-splicer@1.3.2,MIT,https://github.com/substack/stream-splicer,no
stream-splicer@2.0.0,MIT,https://github.com/substack/stream-splicer,no
string-width@1.0.2,MIT,https://github.com/sindresorhus/string-width,no
string_decoder@0.10.31,MIT,https://github.com/rvagg/string_decoder,no
string_decoder@1.0.1,MIT,https://github.com/rvagg/string_decoder,no
string_decoder@1.0.3,MIT,https://github.com/rvagg/string_decoder,no
stringstream@0.0.5,MIT,https://github.com/mhart/StringStream,no
strip-ansi@3.0.1,MIT,https://github.com/chalk/strip-ansi,no
strip-bom@1.0.0,MIT,https://github.com/sindresorhus/strip-bom,no
strip-bom@2.0.0,MIT,https://github.com/sindresorhus/strip-bom,no
strip-debug@1.1.1,MIT,https://github.com/sindresorhus/strip-debug,no
strip-indent@1.0.1,MIT,https://github.com/sindresorhus/strip-indent,no
strip-json-comments@2.0.1,MIT,https://github.com/sindresorhus/strip-json-comments,no
subarg@1.0.0,MIT,https://github.com/substack/subarg,no
supports-color@1.2.0,MIT,https://github.com/sindresorhus/supports-color,no
supports-color@2.0.0,MIT,https://github.com/chalk/supports-color,no
syntax-error@1.3.0,MIT,https://github.com/substack/node-syntax-error,no
tar-pack@3.4.0,BSD-2-Clause,https://github.com/ForbesLindesay/tar-pack,no
tar@2.2.1,ISC,https://github.com/isaacs/node-tar,no
temp@0.8.3,MIT,https://github.com/bruce/node-temp,no
through2@0.5.1,MIT,https://github.com/rvagg/through2,no
through2@0.6.5,MIT,https://github.com/rvagg/through2,no
through2@1.1.1,MIT,https://github.com/rvagg/through2,no
through2@2.0.3,MIT,https://github.com/rvagg/through2,no
through@2.3.8,MIT,https://github.com/dominictarr/through,no
tildify@1.2.0,MIT,https://github.com/sindresorhus/tildify,no
time-stamp@1.1.0,MIT,https://github.com/jonschlinkert/time-stamp,no
timers-browserify@1.4.2,MIT,https://github.com/jryans/timers-browserify,no
to-arraybuffer@1.0.1,MIT,https://github.com/jhiesey/to-arraybuffer,no
to-iso-string@0.0.2,MIT,https://github.com/segmentio/to-iso-string,no
to-object-path@0.3.0,MIT,https://github.com/jonschlinkert/to-object-path,no
to-regex-range@2.1.1,MIT,https://github.com/micromatch/to-regex-range,no
to-regex@3.0.1,MIT,https://github.com/jonschlinkert/to-regex,no
tough-cookie@2.3.2,BSD-3-Clause,https://github.com/salesforce/tough-cookie,no
tough-cookie@2.3.3,BSD-3-Clause,https://github.com/salesforce/tough-cookie,no
trim-newlines@1.0.0,MIT,https://github.com/sindresorhus/trim-newlines,no
tty-browserify@0.0.0,MIT,https://github.com/substack/tty-browserify,no
tunnel-agent@0.6.0,Apache-2.0,https://github.com/mikeal/tunnel-agent,no
tweetnacl@0.14.5,Unlicense,https://github.com/dchest/tweetnacl-js,no
type-detect@0.1.1,MIT,https://github.com/chaijs/type-detect,no
type-detect@1.0.0,MIT,https://github.com/chaijs/type-detect,no
typedarray@0.0.6,MIT,https://github.com/substack/typedarray,no
uglify-js@2.6.4,BSD-2-Clause,https://github.com/mishoo/UglifyJS2,no
uglify-save-license@0.4.1,MIT,https://github.com/shinnn/uglify-save-license,no
uglify-to-browserify@1.0.2,MIT,https://github.com/ForbesLindesay/uglify-to-browserify,no
uid-number@0.0.6,ISC,https://github.com/isaacs/uid-number,no
umd@3.0.1,MIT,https://github.com/ForbesLindesay/umd,no
unc-path-regex@0.1.2,MIT,https://github.com/regexhq/unc-path-regex,no
underscore.string@2.4.0,MIT,https://github.com/epeli/underscore.string,no
underscore@1.7.0,MIT,https://github.com/jashkenas/underscore,no
underscore@1.8.3,MIT,https://github.com/jashkenas/underscore,no
union-value@1.0.0,MIT,https://github.com/jonschlinkert/union-value,no
unique-stream@1.0.0,BSD*,https://github.com/eugeneware/unique-stream,no
unset-value@1.0.0,MIT,https://github.com/jonschlinkert/unset-value,no
urix@0.1.0,MIT,https://github.com/lydell/urix,no
url-regex@3.2.0,MIT,https://github.com/kevva/url-regex,no
url@0.10.3,MIT,https://github.com/defunctzombie/node-url,no
url@0.11.0,MIT,https://github.com/defunctzombie/node-url,no
use-import@0.1.2,MIT,https://github.com/tinwatchman/use-import,no
use@2.0.2,MIT,https://github.com/jonschlinkert/use,no
user-home@1.1.1,MIT,https://github.com/sindresorhus/user-home,no
util-deprecate@1.0.2,MIT,https://github.com/TooTallNate/util-deprecate,no
util@0.10.3,MIT,https://github.com/defunctzombie/node-util,no
uuid@3.0.1,MIT,https://github.com/kelektiv/node-uuid,no
uuid@3.2.1,MIT,https://github.com/kelektiv/node-uuid,no
v8flags@2.1.1,MIT,https://github.com/tkellen/node-v8flags,no
validate-npm-package-license@3.0.1,Apache-2.0,https://github.com/kemitchell/validate-npm-package-license.js,no
verror@1.10.0,MIT,https://github.com/davepacheco/node-verror,no
verror@1.3.6,MIT*,https://github.com/davepacheco/node-verror,no
vinyl-buffer@1.0.1,MIT,https://github.com/hughsk/vinyl-buffer,no
vinyl-bufferstream@1.0.1,MIT,https://github.com/shinnn/vinyl-bufferstream,no
vinyl-fs@0.3.14,MIT,https://github.com/wearefractal/vinyl-fs,no
vinyl-source-stream@1.1.2,MIT,https://github.com/hughsk/vinyl-source-stream,no
vinyl-sourcemaps-apply@0.2.1,ISC,https://github.com/floridoo/vinyl-sourcemaps-apply,no
vinyl@0.4.6,MIT,https://github.com/wearefractal/vinyl,no
vinyl@0.5.3,MIT,https://github.com/wearefractal/vinyl,no
vinyl@1.2.0,MIT,https://github.com/gulpjs/vinyl,no
vinyl@2.1.0,MIT,https://github.com/gulpjs/vinyl,no
vm-browserify@0.0.4,MIT,https://github.com/substack/vm-browserify,no
watchify@3.9.0,MIT,https://github.com/substack/watchify,no
which-module@1.0.0,ISC,https://github.com/nexdrew/which-module,no
which@1.3.0,ISC,https://github.com/isaacs/node-which,no
wide-align@1.1.2,ISC,https://github.com/iarna/wide-align,no
window-size@0.1.0,MIT,https://github.com/jonschlinkert/window-size,no
wordwrap@0.0.2,MIT*,https://github.com/substack/node-wordwrap,no
wrap-ansi@2.1.0,MIT,https://github.com/chalk/wrap-ansi,no
wrappy@1.0.2,ISC,https://github.com/npm/wrappy,no
xtend@3.0.0,MIT,https://github.com/Raynos/xtend,no
xtend@4.0.1,MIT,https://github.com/Raynos/xtend,no
y18n@3.2.1,ISC,https://github.com/yargs/y18n,no
yallist@2.1.2,ISC,https://github.com/isaacs/yallist,no
yargs-parser@5.0.0,ISC,https://github.com/yargs/yargs-parser,no
yargs@3.10.0,MIT,https://github.com/bcoe/yargs,no
yargs@7.0.2,MIT,https://github.com/yargs/yargs,no
